,background,body,eyes,head_gear,clothes,held_item,hands,wristband
0,blue,bluebody,bluenose,none,none,nut,hands_turqoise,none
1,white,bluebody,bluenose,std_lord_orange,yellowshirt,oldnut,hands_turqoise,none
2,blue,bluebody,bluenose,std_lord_blue,pinkdots,nut,hands_yellow,none
3,blue,alien,bluenose,std_lord_green,blue_dot,oldnut,hands_yellow,pink
4,blue,alien,bluenose,std_lord_green,none,oldnut,hands_grey,pink
5,blue,greybody,bluenose,std_lord,none,oldnut,hands_grey,pink
6,white,alien,standard,std_lord_orange,orange,nut,hands_red,silver
7,blue,maroon,graynose,std_lord_green,redshirt,pinknut,hands_red,none
8,blue,redears,standard,none,blue_dot,oldnut,hands_grey,none
9,blue,alien,graynose,std_lord_green,blue_dot,oldnut,hands_yellow,silver
10,white,bluebody,standard,std_lord_blue,redshirt,pinknut,hands_grey,pink
11,blue,bluebody,graynose,std_lord,orange,nut,hands_grey,none
12,blue,alien,bluenose,std_lord_green,pinkdots,nut,hands_turqoise,pink
13,white,alien,standard,std_lord,pinkdots,oldnut,hands_yellow,none
14,blue,bluebody,standard,std_lord_green,yellowshirt,nut,hands_turqoise,none
15,white,redears,bluenose,std_lord_blue,redshirt,nut,hands_yellow,pink
16,blue,greybody,bluenose,none,yellowshirt,nut,hands_grey,none
17,white,greybody,bluenose,std_lord_orange,redshirt,nut,hands_turqoise,silver
18,white,alien,graynose,std_lord_green,pinkdots,nut,hands_grey,none
19,blue,redears,standard,none,pinkdots,pinknut,hands_grey,pink
20,blue,bluebody,standard,none,pinkdots,pinknut,hands_yellow,pink
21,white,bluebody,graynose,std_lord_blue,redshirt,nut,hands_turqoise,none
22,white,greybody,standard,std_lord,redshirt,nut,hands_turqoise,pink
23,white,redears,standard,std_lord_green,blue_dot,nut,hands_grey,pink
24,white,maroon,bluenose,none,redshirt,nut,hands_grey,pink
25,blue,redears,standard,none,none,oldnut,hands_yellow,none
26,blue,greybody,graynose,std_lord_green,blue_dot,pinknut,hands_grey,silver
27,white,redears,graynose,std_lord_orange,blue_dot,oldnut,hands_grey,pink
28,blue,alien,bluenose,std_lord_green,orange,pinknut,hands_turqoise,pink
29,blue,bluebody,graynose,std_lord_pink,pinkdots,pinknut,standard,none
30,blue,bluebody,standard,std_lord_blue,orange,pinknut,hands_yellow,none
31,blue,maroon,bluenose,std_lord_green,orange,nut,hands_grey,none
32,blue,alien,bluenose,std_lord,yellowshirt,pinknut,hands_turqoise,none
33,white,redears,bluenose,std_lord_green,yellowshirt,oldnut,hands_red,pink
34,blue,redears,standard,std_lord,yellowshirt,nut,hands_grey,pink
35,white,maroon,bluenose,std_lord_orange,none,pinknut,hands_grey,none
36,white,redears,bluenose,std_lord,orange,oldnut,hands_red,pink
37,blue,redears,bluenose,none,redshirt,oldnut,hands_grey,none
38,white,greybody,graynose,none,pinkdots,pinknut,standard,none
39,white,bluebody,standard,std_lord_green,orange,pinknut,hands_turqoise,pink
40,white,alien,standard,std_lord_blue,blue_dot,pinknut,standard,pink
41,white,maroon,standard,std_lord_blue,pinkdots,pinknut,standard,none
42,white,maroon,graynose,none,blue_dot,oldnut,hands_yellow,none
43,white,redears,bluenose,none,pinkdots,oldnut,hands_turqoise,none
44,blue,redears,bluenose,std_lord_pink,blue_dot,oldnut,hands_yellow,none
45,blue,bluebody,graynose,std_lord_green,orange,nut,hands_grey,none
46,white,bluebody,standard,std_lord,blue_dot,oldnut,hands_yellow,none
47,white,alien,bluenose,std_lord_orange,pinkdots,pinknut,standard,none
48,white,alien,standard,std_lord_green,orange,pinknut,hands_grey,none
49,blue,redears,graynose,none,yellowshirt,oldnut,hands_red,none
50,blue,bluebody,bluenose,none,redshirt,oldnut,hands_red,pink
51,white,greybody,bluenose,none,blue_dot,pinknut,hands_grey,none
52,blue,alien,standard,none,yellowshirt,nut,standard,silver
53,blue,bluebody,standard,none,pinkdots,nut,hands_turqoise,pink
54,white,maroon,bluenose,none,none,pinknut,hands_yellow,none
55,white,greybody,bluenose,std_lord,blue_dot,oldnut,hands_turqoise,none
56,white,alien,standard,std_lord_blue,blue_dot,oldnut,hands_turqoise,none
57,white,redears,graynose,std_lord_orange,none,pinknut,hands_red,none
58,blue,bluebody,bluenose,std_lord_orange,none,pinknut,standard,pink
59,white,redears,standard,std_lord_blue,orange,nut,standard,pink
60,white,maroon,graynose,std_lord_pink,blue_dot,pinknut,hands_red,silver
61,white,maroon,standard,std_lord_green,yellowshirt,oldnut,hands_yellow,none
62,blue,maroon,graynose,std_lord,none,pinknut,hands_grey,none
63,blue,alien,bluenose,std_lord_pink,none,nut,hands_grey,none
64,white,redears,graynose,none,blue_dot,pinknut,hands_grey,pink
65,blue,bluebody,bluenose,std_lord_green,orange,nut,standard,pink
66,white,alien,bluenose,std_lord_orange,orange,pinknut,hands_grey,pink
67,white,redears,graynose,std_lord_pink,none,pinknut,hands_grey,pink
68,blue,alien,graynose,std_lord_green,none,oldnut,hands_grey,pink
69,blue,maroon,bluenose,std_lord_blue,yellowshirt,nut,hands_grey,none
70,blue,alien,graynose,std_lord_pink,redshirt,pinknut,hands_red,none
71,blue,greybody,graynose,std_lord_green,yellowshirt,nut,hands_grey,pink
72,blue,greybody,standard,std_lord_orange,blue_dot,pinknut,hands_turqoise,silver
73,blue,greybody,standard,std_lord_blue,pinkdots,pinknut,standard,none
74,blue,maroon,graynose,std_lord,redshirt,pinknut,hands_turqoise,none
75,blue,alien,standard,std_lord_green,pinkdots,nut,hands_red,none
76,blue,greybody,graynose,std_lord,orange,pinknut,standard,pink
77,blue,redears,bluenose,std_lord_orange,pinkdots,nut,hands_turqoise,none
78,white,bluebody,graynose,std_lord_green,redshirt,oldnut,hands_turqoise,silver
79,white,redears,graynose,none,none,pinknut,hands_grey,none
80,white,greybody,graynose,std_lord_blue,none,pinknut,hands_turqoise,pink
81,white,alien,graynose,none,redshirt,oldnut,hands_yellow,pink
82,blue,greybody,standard,std_lord_green,redshirt,pinknut,hands_yellow,pink
83,white,redears,graynose,std_lord,yellowshirt,nut,hands_turqoise,none
84,blue,alien,graynose,std_lord,redshirt,pinknut,hands_red,none
85,blue,maroon,standard,std_lord_green,redshirt,pinknut,hands_grey,none
86,white,alien,bluenose,none,orange,nut,hands_red,pink
87,blue,alien,graynose,std_lord_pink,pinkdots,pinknut,hands_grey,pink
88,blue,redears,standard,none,blue_dot,oldnut,hands_yellow,pink
89,white,greybody,standard,std_lord,pinkdots,oldnut,hands_grey,pink
90,blue,maroon,standard,std_lord_blue,redshirt,pinknut,hands_grey,none
91,white,bluebody,graynose,std_lord_pink,yellowshirt,oldnut,hands_turqoise,pink
92,blue,alien,graynose,std_lord,orange,oldnut,standard,none
93,white,alien,standard,none,none,pinknut,hands_yellow,none
94,white,redears,standard,std_lord_blue,redshirt,oldnut,hands_grey,silver
95,white,bluebody,standard,std_lord_pink,blue_dot,oldnut,hands_yellow,none
96,blue,alien,graynose,none,orange,pinknut,hands_red,none
97,blue,maroon,standard,std_lord,redshirt,oldnut,hands_red,pink
98,white,alien,graynose,std_lord_green,none,nut,hands_grey,none
99,white,greybody,bluenose,std_lord_blue,yellowshirt,nut,standard,none
100,blue,maroon,standard,std_lord_green,pinkdots,oldnut,hands_yellow,pink
101,white,greybody,bluenose,std_lord_green,blue_dot,pinknut,hands_turqoise,pink
102,white,greybody,graynose,none,redshirt,oldnut,hands_grey,silver
103,blue,greybody,bluenose,std_lord_orange,yellowshirt,pinknut,hands_yellow,none
104,blue,maroon,graynose,none,yellowshirt,pinknut,hands_red,none
105,blue,bluebody,standard,std_lord_green,yellowshirt,pinknut,hands_turqoise,none
106,blue,bluebody,standard,std_lord,redshirt,oldnut,hands_turqoise,none
107,blue,bluebody,bluenose,std_lord,orange,pinknut,hands_turqoise,none
108,blue,maroon,standard,std_lord_green,pinkdots,nut,hands_red,none
109,blue,maroon,standard,std_lord_green,none,oldnut,hands_turqoise,pink
110,blue,bluebody,graynose,std_lord,blue_dot,pinknut,hands_yellow,pink
111,white,greybody,bluenose,std_lord,pinkdots,pinknut,standard,pink
112,blue,alien,standard,std_lord_blue,orange,oldnut,hands_yellow,none
113,blue,bluebody,graynose,std_lord_orange,pinkdots,oldnut,hands_turqoise,pink
114,blue,redears,bluenose,std_lord_blue,pinkdots,oldnut,hands_turqoise,pink
115,blue,greybody,bluenose,none,none,nut,hands_turqoise,pink
116,blue,redears,bluenose,std_lord_pink,redshirt,oldnut,standard,none
117,white,alien,bluenose,std_lord_green,none,nut,hands_red,none
118,blue,maroon,graynose,std_lord_blue,orange,oldnut,standard,none
119,blue,greybody,graynose,std_lord,pinkdots,oldnut,hands_yellow,pink
120,blue,greybody,graynose,std_lord_green,blue_dot,pinknut,hands_turqoise,pink
121,blue,greybody,standard,std_lord,none,pinknut,hands_yellow,pink
122,blue,alien,bluenose,std_lord_orange,blue_dot,nut,standard,pink
123,white,redears,bluenose,std_lord,yellowshirt,pinknut,hands_turqoise,silver
124,blue,greybody,bluenose,std_lord_pink,orange,nut,hands_turqoise,none
125,blue,greybody,standard,std_lord_pink,yellowshirt,pinknut,standard,none
126,blue,bluebody,standard,std_lord,yellowshirt,nut,hands_turqoise,pink
127,white,redears,graynose,std_lord,yellowshirt,nut,hands_yellow,silver
128,blue,maroon,bluenose,std_lord_pink,yellowshirt,pinknut,hands_turqoise,none
129,white,redears,bluenose,std_lord_green,none,nut,hands_turqoise,pink
130,white,alien,graynose,std_lord_blue,redshirt,nut,hands_yellow,none
131,white,greybody,graynose,none,orange,nut,standard,silver
132,blue,alien,standard,none,orange,nut,hands_turqoise,none
133,white,maroon,bluenose,std_lord_orange,yellowshirt,oldnut,hands_yellow,none
134,blue,redears,bluenose,std_lord_blue,blue_dot,nut,hands_grey,silver
135,blue,alien,graynose,std_lord_orange,pinkdots,nut,hands_yellow,none
136,blue,redears,graynose,std_lord_orange,blue_dot,pinknut,standard,pink
137,white,alien,standard,std_lord_green,pinkdots,pinknut,hands_yellow,none
138,white,greybody,graynose,std_lord_orange,orange,pinknut,standard,none
139,white,redears,standard,none,redshirt,oldnut,standard,none
140,blue,bluebody,standard,std_lord,pinkdots,nut,standard,none
141,blue,bluebody,standard,std_lord_pink,yellowshirt,pinknut,hands_yellow,none
142,blue,redears,graynose,std_lord,pinkdots,pinknut,hands_red,none
143,blue,alien,bluenose,std_lord_orange,none,oldnut,standard,none
144,white,bluebody,graynose,none,redshirt,pinknut,hands_red,none
145,blue,greybody,graynose,none,blue_dot,oldnut,hands_turqoise,pink
146,white,maroon,graynose,std_lord_blue,redshirt,pinknut,hands_turqoise,none
147,blue,alien,bluenose,std_lord_blue,yellowshirt,oldnut,hands_yellow,pink
148,blue,redears,standard,none,pinkdots,nut,hands_red,silver
149,blue,maroon,standard,std_lord_green,redshirt,nut,hands_red,pink
150,white,alien,standard,none,redshirt,pinknut,hands_yellow,pink
151,blue,greybody,graynose,std_lord_pink,redshirt,oldnut,standard,pink
152,blue,alien,standard,none,yellowshirt,oldnut,hands_turqoise,pink
153,blue,redears,graynose,std_lord,none,oldnut,hands_red,pink
154,white,alien,standard,std_lord_pink,orange,pinknut,hands_red,pink
155,blue,bluebody,graynose,std_lord_blue,blue_dot,nut,hands_red,pink
156,blue,maroon,graynose,std_lord_pink,blue_dot,oldnut,hands_grey,none
157,blue,greybody,standard,std_lord,redshirt,nut,hands_turqoise,silver
158,blue,alien,graynose,none,redshirt,oldnut,standard,pink
159,blue,redears,bluenose,std_lord_orange,none,oldnut,hands_red,silver
160,blue,greybody,standard,std_lord_blue,redshirt,pinknut,hands_grey,none
161,blue,bluebody,bluenose,std_lord_blue,orange,nut,hands_red,none
162,blue,alien,standard,none,blue_dot,pinknut,hands_yellow,none
163,blue,greybody,bluenose,std_lord_pink,orange,pinknut,hands_turqoise,none
164,blue,bluebody,bluenose,std_lord_green,orange,nut,hands_yellow,pink
165,white,maroon,graynose,std_lord_orange,pinkdots,oldnut,hands_grey,pink
166,blue,bluebody,graynose,std_lord,orange,nut,hands_red,none
167,white,greybody,graynose,std_lord_orange,blue_dot,nut,hands_grey,pink
168,blue,alien,graynose,none,orange,pinknut,standard,none
169,white,redears,graynose,none,redshirt,nut,hands_turqoise,none
170,white,maroon,graynose,std_lord_orange,yellowshirt,pinknut,hands_grey,pink
171,white,bluebody,bluenose,std_lord_green,blue_dot,oldnut,hands_grey,silver
172,white,greybody,standard,none,redshirt,pinknut,hands_yellow,silver
173,white,alien,standard,std_lord,none,oldnut,hands_red,none
174,blue,redears,standard,std_lord_pink,redshirt,pinknut,standard,none
175,blue,maroon,bluenose,std_lord,pinkdots,oldnut,hands_grey,none
176,white,greybody,bluenose,std_lord_pink,pinkdots,oldnut,hands_red,silver
177,blue,maroon,bluenose,std_lord_green,pinkdots,nut,hands_red,pink
178,white,alien,graynose,std_lord_pink,none,pinknut,hands_grey,none
179,white,maroon,graynose,std_lord_pink,none,oldnut,standard,silver
180,blue,redears,graynose,std_lord_green,none,pinknut,hands_yellow,pink
181,white,greybody,standard,none,pinkdots,nut,hands_yellow,none
182,white,redears,standard,std_lord_pink,blue_dot,nut,standard,none
183,white,bluebody,bluenose,none,none,pinknut,standard,none
184,white,bluebody,standard,std_lord,yellowshirt,oldnut,hands_yellow,none
185,blue,bluebody,standard,std_lord,redshirt,pinknut,standard,pink
186,blue,redears,standard,std_lord_blue,pinkdots,oldnut,standard,none
187,white,alien,bluenose,std_lord_blue,none,nut,hands_red,pink
188,white,bluebody,bluenose,none,none,oldnut,standard,pink
189,blue,bluebody,graynose,std_lord_blue,redshirt,pinknut,hands_red,none
190,blue,redears,standard,std_lord_blue,none,oldnut,hands_turqoise,pink
191,white,redears,bluenose,std_lord,yellowshirt,pinknut,hands_yellow,none
192,blue,redears,bluenose,std_lord,pinkdots,pinknut,hands_red,pink
193,white,alien,bluenose,std_lord_pink,blue_dot,pinknut,hands_red,silver
194,white,greybody,bluenose,std_lord_orange,yellowshirt,oldnut,hands_turqoise,none
195,blue,maroon,bluenose,none,yellowshirt,pinknut,hands_turqoise,silver
196,white,alien,bluenose,std_lord_pink,orange,oldnut,standard,none
197,white,alien,bluenose,none,none,pinknut,hands_grey,none
198,white,alien,graynose,std_lord_orange,none,pinknut,hands_grey,pink
199,blue,maroon,graynose,std_lord_orange,pinkdots,nut,standard,silver
200,blue,greybody,graynose,none,blue_dot,pinknut,hands_yellow,none
201,blue,redears,bluenose,std_lord_orange,pinkdots,nut,hands_grey,pink
202,blue,alien,graynose,std_lord,pinkdots,pinknut,hands_turqoise,pink
203,blue,maroon,standard,none,none,nut,hands_grey,none
204,white,alien,standard,std_lord_pink,yellowshirt,nut,hands_yellow,none
205,white,alien,bluenose,std_lord_pink,blue_dot,nut,standard,none
206,white,alien,graynose,std_lord_pink,none,oldnut,standard,none
207,blue,maroon,graynose,std_lord_orange,yellowshirt,nut,hands_red,none
208,blue,bluebody,graynose,std_lord,yellowshirt,pinknut,hands_red,pink
209,white,redears,standard,std_lord_green,pinkdots,nut,hands_red,silver
210,blue,greybody,graynose,std_lord_blue,none,nut,hands_grey,none
211,blue,redears,graynose,std_lord_pink,none,nut,hands_grey,none
212,blue,redears,bluenose,std_lord_green,yellowshirt,nut,hands_grey,none
213,blue,maroon,graynose,std_lord_pink,none,oldnut,hands_yellow,none
214,white,redears,bluenose,std_lord_blue,pinkdots,oldnut,hands_turqoise,pink
215,blue,alien,standard,std_lord_orange,yellowshirt,nut,hands_yellow,pink
216,white,greybody,graynose,std_lord_green,blue_dot,oldnut,hands_grey,none
217,white,alien,graynose,std_lord_green,yellowshirt,pinknut,hands_yellow,none
218,blue,bluebody,bluenose,std_lord,yellowshirt,nut,hands_turqoise,pink
219,blue,alien,graynose,std_lord_blue,none,oldnut,hands_grey,pink
220,blue,maroon,graynose,std_lord,pinkdots,pinknut,standard,none
221,white,alien,standard,std_lord_pink,none,oldnut,hands_red,pink
222,white,maroon,standard,std_lord_orange,yellowshirt,oldnut,hands_turqoise,silver
223,blue,maroon,graynose,std_lord_orange,none,oldnut,hands_yellow,pink
224,white,alien,bluenose,std_lord_blue,orange,pinknut,hands_grey,none
225,white,greybody,standard,none,pinkdots,nut,hands_turqoise,silver
226,blue,maroon,graynose,none,none,pinknut,hands_red,none
227,white,bluebody,graynose,std_lord_green,yellowshirt,pinknut,standard,none
228,blue,alien,standard,std_lord,redshirt,oldnut,hands_yellow,pink
229,blue,bluebody,standard,std_lord_green,orange,pinknut,hands_turqoise,none
230,blue,redears,bluenose,std_lord_pink,none,nut,standard,pink
231,blue,redears,standard,std_lord_blue,yellowshirt,oldnut,hands_red,pink
232,white,greybody,bluenose,none,none,oldnut,hands_red,silver
233,white,maroon,bluenose,std_lord_green,redshirt,nut,hands_turqoise,gold
234,blue,maroon,bluenose,std_lord_blue,pinkdots,nut,hands_red,pink
235,white,alien,graynose,std_lord_pink,blue_dot,oldnut,hands_yellow,none
236,blue,greybody,bluenose,std_lord_pink,pinkdots,pinknut,hands_turqoise,none
237,white,bluebody,standard,std_lord,yellowshirt,oldnut,hands_red,none
238,white,alien,bluenose,std_lord_green,orange,nut,hands_red,none
239,blue,alien,bluenose,std_lord_blue,blue_dot,nut,hands_grey,none
240,white,maroon,graynose,std_lord_blue,blue_dot,oldnut,hands_turqoise,pink
241,white,redears,bluenose,none,none,pinknut,hands_red,pink
242,blue,greybody,graynose,std_lord_pink,orange,nut,standard,none
243,blue,alien,standard,std_lord_green,redshirt,nut,hands_red,pink
244,white,alien,standard,std_lord_blue,pinkdots,oldnut,hands_yellow,pink
245,blue,greybody,standard,none,none,nut,hands_turqoise,pink
246,blue,bluebody,bluenose,std_lord_blue,none,pinknut,hands_grey,none
247,blue,redears,standard,std_lord_pink,none,nut,hands_turqoise,pink
248,white,bluebody,graynose,std_lord_pink,orange,nut,hands_grey,none
249,blue,greybody,bluenose,std_lord_orange,pinkdots,oldnut,hands_turqoise,none
250,blue,maroon,bluenose,std_lord_blue,orange,pinknut,hands_red,none
251,white,alien,standard,std_lord_orange,orange,oldnut,hands_yellow,none
252,blue,alien,standard,std_lord,blue_dot,oldnut,hands_yellow,none
253,blue,bluebody,bluenose,std_lord_blue,none,oldnut,hands_red,pink
254,blue,alien,bluenose,std_lord_blue,orange,nut,hands_red,none
255,white,maroon,graynose,std_lord_orange,yellowshirt,oldnut,hands_yellow,none
256,white,greybody,standard,std_lord_blue,pinkdots,oldnut,hands_grey,none
257,blue,maroon,graynose,none,pinkdots,oldnut,standard,pink
258,blue,redears,bluenose,none,blue_dot,nut,hands_turqoise,none
259,blue,bluebody,standard,std_lord_pink,pinkdots,oldnut,hands_yellow,silver
260,white,greybody,bluenose,std_lord_blue,orange,oldnut,hands_yellow,pink
261,blue,bluebody,standard,std_lord_orange,blue_dot,oldnut,hands_yellow,none
262,blue,bluebody,standard,std_lord_blue,blue_dot,pinknut,hands_red,pink
263,blue,bluebody,graynose,std_lord_blue,orange,oldnut,hands_turqoise,silver
264,blue,greybody,bluenose,none,blue_dot,oldnut,hands_yellow,none
265,blue,redears,standard,none,blue_dot,nut,hands_grey,none
266,blue,maroon,standard,none,none,oldnut,standard,silver
267,blue,redears,bluenose,none,yellowshirt,oldnut,hands_turqoise,none
268,blue,alien,bluenose,std_lord_green,none,pinknut,hands_red,pink
269,white,maroon,graynose,std_lord,yellowshirt,nut,hands_grey,none
270,blue,alien,graynose,std_lord_blue,pinkdots,oldnut,hands_grey,silver
271,blue,alien,bluenose,std_lord_pink,none,pinknut,hands_turqoise,none
272,white,alien,bluenose,std_lord_pink,pinkdots,pinknut,hands_red,silver
273,white,redears,graynose,std_lord_green,none,pinknut,standard,none
274,white,maroon,standard,std_lord_green,none,pinknut,hands_yellow,none
275,blue,greybody,bluenose,std_lord_orange,orange,pinknut,hands_red,none
276,blue,redears,graynose,std_lord_orange,orange,nut,hands_red,silver
277,white,bluebody,graynose,std_lord_green,redshirt,oldnut,hands_grey,none
278,blue,alien,bluenose,std_lord_green,orange,oldnut,hands_red,none
279,blue,alien,bluenose,std_lord_orange,yellowshirt,nut,hands_grey,none
280,white,redears,bluenose,std_lord_pink,redshirt,nut,hands_yellow,silver
281,blue,alien,standard,std_lord_green,redshirt,nut,standard,none
282,blue,maroon,graynose,std_lord_orange,pinkdots,pinknut,hands_red,none
283,white,maroon,bluenose,std_lord,orange,pinknut,hands_yellow,pink
284,blue,bluebody,bluenose,std_lord_orange,pinkdots,nut,hands_turqoise,pink
285,blue,bluebody,standard,none,redshirt,nut,hands_grey,none
286,blue,maroon,graynose,std_lord_blue,pinkdots,pinknut,hands_turqoise,none
287,white,alien,graynose,none,blue_dot,pinknut,hands_turqoise,none
288,white,bluebody,bluenose,std_lord,yellowshirt,pinknut,standard,silver
289,blue,alien,graynose,std_lord_green,blue_dot,oldnut,standard,pink
290,white,maroon,bluenose,none,orange,oldnut,hands_turqoise,none
291,white,alien,standard,std_lord_blue,none,oldnut,hands_red,pink
292,white,bluebody,bluenose,std_lord_pink,orange,nut,hands_grey,pink
293,white,bluebody,bluenose,none,orange,oldnut,hands_grey,none
294,blue,greybody,standard,std_lord_pink,orange,pinknut,hands_yellow,none
295,blue,maroon,graynose,none,orange,oldnut,hands_turqoise,pink
296,blue,alien,graynose,std_lord_orange,none,oldnut,standard,none
297,blue,maroon,bluenose,none,blue_dot,nut,hands_grey,pink
298,white,alien,graynose,none,blue_dot,pinknut,hands_red,none
299,white,redears,standard,std_lord_green,yellowshirt,nut,hands_red,pink
300,blue,redears,standard,std_lord_blue,none,nut,hands_turqoise,pink
301,white,maroon,graynose,std_lord_green,blue_dot,oldnut,hands_yellow,pink
302,white,maroon,bluenose,std_lord,yellowshirt,nut,hands_red,none
303,white,alien,standard,std_lord_pink,none,oldnut,hands_grey,pink
304,white,redears,standard,std_lord_blue,orange,oldnut,hands_turqoise,pink
305,blue,redears,graynose,std_lord_pink,blue_dot,oldnut,hands_turqoise,none
306,blue,redears,bluenose,std_lord_green,yellowshirt,pinknut,standard,none
307,white,maroon,bluenose,std_lord_green,blue_dot,oldnut,hands_turqoise,pink
308,blue,greybody,graynose,std_lord_blue,yellowshirt,nut,standard,pink
309,blue,greybody,bluenose,std_lord,pinkdots,pinknut,hands_grey,pink
310,blue,maroon,bluenose,std_lord_green,pinkdots,oldnut,hands_turqoise,pink
311,blue,redears,bluenose,std_lord_pink,blue_dot,pinknut,standard,none
312,white,greybody,standard,std_lord_blue,pinkdots,nut,hands_grey,none
313,white,maroon,graynose,std_lord_green,redshirt,nut,hands_yellow,none
314,white,bluebody,bluenose,std_lord,blue_dot,oldnut,hands_turqoise,silver
315,white,maroon,graynose,std_lord_green,redshirt,nut,hands_grey,pink
316,blue,maroon,graynose,std_lord_pink,yellowshirt,oldnut,hands_turqoise,pink
317,white,greybody,standard,none,blue_dot,oldnut,hands_turqoise,none
318,blue,alien,graynose,std_lord,redshirt,nut,hands_turqoise,none
319,blue,bluebody,standard,std_lord_orange,orange,nut,hands_grey,pink
320,white,alien,standard,none,pinkdots,oldnut,hands_grey,pink
321,white,alien,graynose,std_lord_pink,none,nut,hands_yellow,pink
322,blue,greybody,bluenose,std_lord_blue,yellowshirt,nut,hands_grey,none
323,blue,maroon,standard,std_lord_blue,none,oldnut,hands_yellow,none
324,white,redears,graynose,std_lord_orange,pinkdots,nut,hands_yellow,none
325,white,bluebody,standard,std_lord,redshirt,oldnut,hands_yellow,none
326,white,maroon,standard,std_lord_pink,blue_dot,oldnut,hands_turqoise,silver
327,white,alien,standard,std_lord_orange,redshirt,pinknut,hands_grey,silver
328,blue,greybody,graynose,std_lord_green,pinkdots,pinknut,hands_turqoise,none
329,blue,redears,graynose,std_lord_blue,orange,pinknut,hands_yellow,pink
330,white,maroon,bluenose,std_lord_blue,orange,oldnut,standard,none
331,white,bluebody,bluenose,std_lord_green,redshirt,nut,standard,none
332,white,maroon,graynose,std_lord_blue,pinkdots,pinknut,hands_grey,pink
333,white,alien,bluenose,std_lord,yellowshirt,pinknut,hands_yellow,none
334,blue,alien,standard,std_lord_blue,redshirt,nut,hands_yellow,none
335,white,maroon,graynose,std_lord_blue,orange,oldnut,hands_red,none
336,white,alien,standard,std_lord_pink,orange,oldnut,hands_yellow,none
337,blue,redears,graynose,std_lord_blue,redshirt,pinknut,hands_yellow,pink
338,blue,alien,bluenose,std_lord_blue,blue_dot,oldnut,hands_turqoise,none
339,blue,bluebody,standard,std_lord_pink,yellowshirt,pinknut,hands_grey,none
340,blue,redears,graynose,std_lord_blue,orange,nut,hands_turqoise,none
341,white,greybody,bluenose,std_lord,pinkdots,pinknut,hands_turqoise,none
342,blue,redears,standard,std_lord_orange,none,pinknut,hands_red,pink
343,white,redears,bluenose,std_lord,yellowshirt,oldnut,hands_red,none
344,blue,alien,graynose,std_lord_blue,none,pinknut,hands_yellow,pink
345,blue,maroon,bluenose,std_lord,orange,nut,standard,pink
346,blue,greybody,bluenose,std_lord_pink,none,pinknut,standard,none
347,white,redears,graynose,std_lord_blue,none,pinknut,hands_grey,pink
348,white,bluebody,bluenose,std_lord_orange,redshirt,oldnut,hands_grey,none
349,blue,maroon,standard,std_lord_orange,yellowshirt,pinknut,hands_yellow,silver
350,blue,bluebody,standard,none,none,nut,standard,pink
351,blue,bluebody,bluenose,std_lord_blue,orange,oldnut,hands_yellow,none
352,blue,alien,standard,std_lord_orange,pinkdots,nut,hands_red,pink
353,blue,alien,standard,std_lord_green,yellowshirt,pinknut,hands_red,silver
354,blue,greybody,graynose,none,yellowshirt,oldnut,standard,pink
355,white,maroon,graynose,std_lord,pinkdots,nut,hands_red,none
356,blue,bluebody,graynose,std_lord_green,redshirt,pinknut,hands_yellow,pink
357,white,redears,bluenose,std_lord_blue,pinkdots,nut,hands_yellow,pink
358,blue,maroon,graynose,std_lord_blue,pinkdots,oldnut,hands_grey,pink
359,white,redears,bluenose,none,orange,oldnut,hands_red,pink
360,white,alien,graynose,std_lord_pink,blue_dot,pinknut,standard,pink
361,white,redears,standard,std_lord_orange,orange,pinknut,hands_yellow,none
362,white,alien,bluenose,none,redshirt,pinknut,hands_red,none
363,blue,alien,graynose,std_lord_pink,redshirt,pinknut,hands_grey,pink
364,white,redears,standard,std_lord_green,yellowshirt,pinknut,hands_grey,pink
365,blue,bluebody,bluenose,std_lord_pink,pinkdots,oldnut,hands_grey,pink
366,blue,maroon,bluenose,std_lord_pink,redshirt,nut,hands_grey,pink
367,white,bluebody,graynose,std_lord_green,pinkdots,pinknut,standard,none
368,blue,alien,bluenose,std_lord_blue,redshirt,pinknut,hands_red,pink
369,blue,redears,bluenose,std_lord_pink,orange,nut,standard,none
370,white,bluebody,bluenose,std_lord_orange,blue_dot,pinknut,hands_turqoise,pink
371,white,maroon,graynose,none,blue_dot,nut,standard,none
372,blue,redears,graynose,std_lord,pinkdots,nut,standard,none
373,white,greybody,graynose,std_lord_green,none,pinknut,hands_yellow,pink
374,blue,redears,graynose,std_lord_blue,redshirt,nut,hands_grey,pink
375,white,maroon,standard,std_lord_pink,redshirt,oldnut,hands_red,pink
376,blue,greybody,standard,std_lord_green,redshirt,pinknut,hands_red,pink
377,white,bluebody,standard,std_lord,redshirt,pinknut,hands_yellow,none
378,blue,alien,graynose,std_lord,orange,oldnut,hands_turqoise,pink
379,white,maroon,graynose,std_lord,none,pinknut,hands_grey,pink
380,blue,maroon,standard,std_lord_pink,redshirt,pinknut,standard,pink
381,blue,maroon,graynose,std_lord,yellowshirt,nut,hands_red,none
382,blue,redears,standard,none,orange,oldnut,hands_yellow,pink
383,blue,greybody,standard,std_lord_blue,redshirt,pinknut,hands_turqoise,none
384,blue,maroon,graynose,std_lord,yellowshirt,pinknut,hands_red,pink
385,white,bluebody,bluenose,std_lord_pink,none,oldnut,hands_yellow,none
386,blue,bluebody,bluenose,std_lord_orange,none,oldnut,hands_red,none
387,white,maroon,bluenose,none,blue_dot,pinknut,hands_red,none
388,blue,alien,graynose,std_lord_blue,redshirt,nut,hands_grey,none
389,white,bluebody,standard,std_lord_pink,yellowshirt,pinknut,hands_grey,pink
390,blue,maroon,bluenose,none,orange,pinknut,hands_grey,none
391,blue,alien,graynose,std_lord_green,yellowshirt,pinknut,standard,none
392,blue,alien,standard,std_lord_orange,orange,pinknut,hands_red,none
393,white,maroon,bluenose,std_lord_blue,pinkdots,oldnut,hands_red,none
394,white,redears,bluenose,std_lord_green,none,pinknut,hands_grey,pink
395,white,redears,bluenose,std_lord,redshirt,pinknut,hands_yellow,none
396,white,greybody,graynose,none,redshirt,oldnut,hands_grey,pink
397,white,alien,standard,std_lord_blue,none,oldnut,hands_turqoise,none
398,white,maroon,standard,std_lord_blue,yellowshirt,oldnut,hands_red,none
399,blue,redears,graynose,std_lord_blue,none,oldnut,hands_red,none
400,blue,maroon,graynose,std_lord_orange,pinkdots,oldnut,standard,none
401,blue,alien,bluenose,std_lord_pink,none,nut,hands_red,none
402,white,alien,standard,std_lord_blue,blue_dot,pinknut,hands_yellow,none
403,white,greybody,graynose,std_lord_orange,redshirt,nut,standard,pink
404,blue,alien,bluenose,std_lord_pink,orange,nut,standard,none
405,white,redears,bluenose,std_lord_green,yellowshirt,nut,hands_red,none
406,white,maroon,bluenose,std_lord_orange,orange,nut,standard,none
407,blue,redears,standard,std_lord_blue,blue_dot,oldnut,hands_yellow,none
408,white,greybody,graynose,std_lord_blue,blue_dot,nut,hands_turqoise,none
409,white,alien,standard,std_lord_pink,pinkdots,nut,standard,none
410,white,greybody,standard,std_lord_green,redshirt,nut,standard,pink
411,white,bluebody,standard,std_lord_orange,orange,nut,hands_grey,pink
412,white,bluebody,bluenose,none,blue_dot,nut,hands_red,silver
413,white,maroon,graynose,none,blue_dot,oldnut,standard,none
414,blue,alien,bluenose,none,yellowshirt,oldnut,standard,pink
415,white,redears,bluenose,std_lord_blue,pinkdots,oldnut,hands_red,none
416,white,redears,graynose,std_lord,yellowshirt,oldnut,hands_grey,none
417,blue,alien,graynose,std_lord_pink,none,pinknut,hands_turqoise,silver
418,white,redears,standard,std_lord_orange,pinkdots,nut,hands_turqoise,none
419,white,greybody,standard,std_lord_pink,redshirt,pinknut,hands_turqoise,none
420,white,maroon,bluenose,std_lord_blue,orange,oldnut,hands_grey,none
421,white,maroon,bluenose,std_lord_blue,orange,oldnut,hands_red,none
422,white,redears,graynose,std_lord_orange,orange,oldnut,hands_grey,pink
423,white,maroon,graynose,std_lord_blue,redshirt,pinknut,hands_turqoise,pink
424,white,alien,standard,std_lord_pink,none,nut,hands_grey,none
425,white,greybody,standard,std_lord_green,redshirt,pinknut,hands_red,pink
426,blue,maroon,graynose,none,blue_dot,pinknut,hands_turqoise,pink
427,blue,alien,standard,std_lord_pink,redshirt,nut,standard,none
428,blue,greybody,graynose,none,pinkdots,nut,hands_red,silver
429,blue,greybody,bluenose,none,orange,nut,hands_grey,none
430,blue,alien,standard,std_lord_orange,pinkdots,pinknut,standard,none
431,blue,greybody,bluenose,none,pinkdots,oldnut,standard,none
432,blue,maroon,standard,std_lord,orange,pinknut,standard,pink
433,blue,redears,standard,std_lord_blue,none,oldnut,hands_red,none
434,blue,maroon,graynose,std_lord_pink,orange,nut,hands_yellow,pink
435,white,greybody,standard,none,none,pinknut,standard,pink
436,blue,bluebody,standard,none,yellowshirt,pinknut,standard,none
437,white,redears,graynose,std_lord_orange,redshirt,oldnut,standard,pink
438,white,redears,bluenose,std_lord_pink,none,nut,standard,pink
439,blue,redears,graynose,none,orange,nut,hands_grey,none
440,blue,alien,graynose,none,orange,nut,hands_grey,pink
441,white,bluebody,bluenose,std_lord,yellowshirt,pinknut,hands_grey,none
442,white,alien,standard,std_lord,blue_dot,pinknut,hands_yellow,none
443,white,maroon,bluenose,std_lord_blue,blue_dot,nut,standard,pink
444,white,alien,standard,std_lord_orange,redshirt,pinknut,hands_red,pink
445,white,redears,graynose,none,pinkdots,pinknut,hands_turqoise,silver
446,white,redears,standard,none,orange,pinknut,hands_grey,none
447,white,greybody,bluenose,std_lord_orange,none,nut,hands_red,none
448,blue,maroon,bluenose,none,blue_dot,nut,hands_grey,none
449,blue,greybody,bluenose,none,none,pinknut,hands_red,none
450,white,maroon,bluenose,std_lord_green,none,nut,hands_grey,silver
451,white,alien,bluenose,std_lord,yellowshirt,oldnut,hands_grey,none
452,blue,bluebody,standard,std_lord_blue,pinkdots,oldnut,hands_yellow,none
453,blue,greybody,graynose,std_lord_green,pinkdots,oldnut,hands_grey,none
454,blue,greybody,bluenose,none,pinkdots,pinknut,hands_turqoise,none
455,blue,alien,graynose,std_lord_orange,none,oldnut,hands_turqoise,none
456,blue,alien,bluenose,std_lord_blue,redshirt,oldnut,hands_red,silver
457,blue,redears,standard,std_lord,redshirt,pinknut,standard,pink
458,white,alien,graynose,std_lord_pink,blue_dot,oldnut,hands_grey,pink
459,white,greybody,standard,std_lord_green,redshirt,oldnut,hands_grey,pink
460,white,bluebody,bluenose,std_lord,orange,oldnut,hands_yellow,none
461,blue,bluebody,bluenose,none,orange,nut,standard,pink
462,blue,alien,graynose,std_lord_orange,orange,nut,standard,pink
463,blue,maroon,bluenose,std_lord_green,orange,pinknut,hands_turqoise,pink
464,blue,greybody,bluenose,std_lord_orange,orange,oldnut,hands_grey,none
465,blue,maroon,bluenose,none,blue_dot,pinknut,hands_red,pink
466,white,redears,graynose,std_lord_green,orange,pinknut,hands_turqoise,pink
467,white,maroon,standard,none,none,pinknut,hands_grey,pink
468,blue,alien,bluenose,none,pinkdots,pinknut,hands_red,none
469,white,maroon,standard,std_lord_green,blue_dot,oldnut,hands_red,none
470,white,bluebody,standard,std_lord_pink,yellowshirt,oldnut,hands_yellow,none
471,white,greybody,standard,std_lord_orange,redshirt,nut,hands_red,pink
472,white,alien,graynose,std_lord_pink,orange,nut,hands_grey,none
473,white,redears,standard,std_lord,blue_dot,pinknut,hands_turqoise,pink
474,blue,alien,bluenose,std_lord_pink,pinkdots,pinknut,hands_grey,none
475,white,maroon,bluenose,std_lord,pinkdots,pinknut,hands_turqoise,pink
476,white,bluebody,graynose,none,none,oldnut,standard,none
477,blue,alien,bluenose,std_lord_green,orange,pinknut,hands_yellow,none
478,white,redears,bluenose,std_lord_green,orange,nut,hands_turqoise,silver
479,white,redears,graynose,std_lord,yellowshirt,pinknut,hands_red,none
480,white,maroon,graynose,std_lord,yellowshirt,oldnut,hands_yellow,none
481,white,alien,standard,std_lord_blue,redshirt,nut,hands_grey,none
482,white,greybody,bluenose,std_lord_blue,orange,oldnut,hands_turqoise,none
483,white,bluebody,bluenose,std_lord_pink,yellowshirt,pinknut,hands_red,none
484,blue,bluebody,standard,std_lord_orange,orange,oldnut,hands_turqoise,pink
485,white,alien,bluenose,std_lord_pink,none,pinknut,hands_red,none
486,white,greybody,graynose,std_lord_green,pinkdots,oldnut,hands_grey,none
487,blue,alien,standard,std_lord_blue,redshirt,nut,hands_red,pink
488,white,bluebody,graynose,std_lord_blue,none,pinknut,hands_red,silver
489,blue,bluebody,bluenose,std_lord_pink,pinkdots,nut,hands_yellow,pink
490,white,redears,standard,std_lord_green,yellowshirt,pinknut,hands_yellow,none
491,white,greybody,bluenose,std_lord_green,none,pinknut,hands_red,none
492,white,redears,bluenose,std_lord_blue,none,oldnut,hands_turqoise,none
493,blue,greybody,bluenose,std_lord_orange,none,oldnut,hands_red,pink
494,white,redears,standard,std_lord_pink,yellowshirt,nut,hands_grey,pink
495,blue,redears,bluenose,std_lord_green,blue_dot,pinknut,hands_yellow,none
496,white,maroon,standard,std_lord_pink,redshirt,nut,hands_red,none
497,white,bluebody,graynose,std_lord,blue_dot,oldnut,hands_turqoise,pink
498,blue,bluebody,graynose,std_lord_green,pinkdots,oldnut,standard,none
499,white,bluebody,graynose,none,none,nut,hands_red,none
500,blue,maroon,graynose,std_lord_orange,none,pinknut,hands_red,none
501,blue,maroon,bluenose,std_lord_green,yellowshirt,pinknut,hands_yellow,none
502,white,alien,standard,std_lord_green,yellowshirt,nut,hands_yellow,none
503,white,bluebody,graynose,std_lord_green,none,nut,standard,none
504,blue,bluebody,graynose,std_lord_orange,yellowshirt,nut,standard,pink
505,white,maroon,graynose,std_lord_green,none,nut,standard,none
506,blue,maroon,bluenose,std_lord_green,orange,nut,hands_grey,pink
507,white,redears,bluenose,none,none,nut,hands_grey,pink
508,blue,maroon,standard,std_lord_blue,blue_dot,pinknut,standard,pink
509,white,maroon,bluenose,std_lord_orange,orange,pinknut,hands_red,none
510,white,redears,bluenose,std_lord_orange,blue_dot,pinknut,hands_yellow,none
511,blue,redears,standard,std_lord,none,pinknut,hands_turqoise,pink
512,white,maroon,bluenose,std_lord_blue,orange,pinknut,standard,pink
513,white,redears,graynose,none,pinkdots,oldnut,standard,none
514,white,maroon,standard,std_lord_green,yellowshirt,nut,hands_yellow,silver
515,blue,maroon,standard,std_lord_orange,yellowshirt,oldnut,hands_turqoise,pink
516,white,bluebody,standard,std_lord_blue,none,oldnut,standard,pink
517,blue,greybody,bluenose,none,orange,oldnut,hands_red,pink
518,blue,redears,standard,none,blue_dot,pinknut,hands_yellow,none
519,white,maroon,graynose,std_lord_green,redshirt,oldnut,hands_grey,none
520,blue,greybody,graynose,std_lord,pinkdots,nut,hands_turqoise,silver
521,blue,bluebody,bluenose,std_lord_green,yellowshirt,oldnut,standard,none
522,blue,redears,standard,std_lord_green,pinkdots,nut,hands_yellow,none
523,white,redears,standard,std_lord_blue,blue_dot,oldnut,hands_red,silver
524,blue,maroon,graynose,std_lord,blue_dot,pinknut,hands_grey,silver
525,white,greybody,bluenose,none,yellowshirt,pinknut,hands_red,pink
526,blue,redears,bluenose,std_lord_pink,blue_dot,nut,hands_red,none
527,white,alien,bluenose,std_lord_pink,yellowshirt,pinknut,hands_turqoise,pink
528,white,greybody,standard,std_lord_pink,yellowshirt,oldnut,hands_grey,pink
529,blue,redears,standard,std_lord_pink,yellowshirt,nut,hands_turqoise,none
530,white,bluebody,bluenose,none,pinkdots,pinknut,hands_grey,pink
531,white,bluebody,bluenose,std_lord_pink,none,oldnut,standard,none
532,blue,bluebody,graynose,std_lord,blue_dot,oldnut,hands_turqoise,pink
533,white,greybody,bluenose,std_lord_orange,yellowshirt,nut,hands_red,silver
534,blue,redears,graynose,std_lord_blue,blue_dot,oldnut,standard,pink
535,blue,maroon,standard,std_lord,blue_dot,pinknut,hands_grey,none
536,blue,redears,bluenose,std_lord_green,none,oldnut,hands_turqoise,none
537,blue,maroon,standard,std_lord,pinkdots,nut,hands_turqoise,pink
538,blue,redears,graynose,std_lord_blue,redshirt,pinknut,hands_turqoise,pink
539,blue,redears,bluenose,std_lord,none,oldnut,hands_grey,none
540,white,bluebody,graynose,std_lord_pink,orange,oldnut,standard,none
541,blue,redears,standard,std_lord_green,none,oldnut,hands_grey,none
542,blue,bluebody,standard,std_lord_orange,none,pinknut,hands_turqoise,pink
543,white,alien,bluenose,std_lord_green,none,nut,hands_grey,none
544,blue,redears,graynose,std_lord_orange,pinkdots,nut,standard,none
545,blue,redears,graynose,std_lord_pink,blue_dot,oldnut,hands_red,none
546,white,alien,graynose,std_lord_pink,pinkdots,nut,hands_red,none
547,blue,alien,standard,std_lord,none,pinknut,hands_grey,pink
548,white,redears,standard,std_lord,yellowshirt,pinknut,standard,none
549,white,maroon,bluenose,none,yellowshirt,nut,hands_yellow,pink
550,white,redears,graynose,std_lord_green,blue_dot,pinknut,hands_yellow,none
551,white,alien,bluenose,std_lord_blue,pinkdots,pinknut,hands_yellow,none
552,blue,redears,standard,none,yellowshirt,pinknut,hands_red,pink
553,white,bluebody,standard,none,yellowshirt,pinknut,hands_yellow,silver
554,white,redears,bluenose,std_lord_pink,orange,oldnut,hands_yellow,pink
555,blue,bluebody,bluenose,none,orange,oldnut,hands_yellow,pink
556,white,maroon,bluenose,std_lord_green,none,oldnut,hands_grey,pink
557,blue,greybody,bluenose,std_lord_blue,blue_dot,pinknut,hands_yellow,none
558,white,redears,bluenose,std_lord_blue,pinkdots,pinknut,hands_turqoise,pink
559,blue,bluebody,graynose,std_lord_pink,yellowshirt,oldnut,hands_grey,none
560,white,greybody,graynose,std_lord_orange,redshirt,nut,standard,silver
561,blue,bluebody,bluenose,std_lord,blue_dot,nut,hands_grey,none
562,blue,maroon,standard,none,blue_dot,oldnut,hands_red,pink
563,blue,bluebody,bluenose,std_lord_pink,none,oldnut,hands_turqoise,pink
564,white,bluebody,standard,std_lord_blue,orange,oldnut,hands_yellow,none
565,blue,maroon,standard,std_lord_orange,blue_dot,pinknut,hands_red,none
566,blue,greybody,bluenose,std_lord,yellowshirt,oldnut,standard,silver
567,white,maroon,standard,none,orange,nut,hands_red,pink
568,blue,redears,bluenose,none,orange,nut,hands_grey,none
569,blue,maroon,standard,none,yellowshirt,pinknut,standard,none
570,white,greybody,bluenose,std_lord_green,orange,nut,hands_red,none
571,blue,greybody,graynose,std_lord_blue,pinkdots,nut,hands_grey,none
572,blue,redears,graynose,std_lord,yellowshirt,oldnut,hands_red,silver
573,blue,greybody,graynose,std_lord_orange,orange,pinknut,standard,pink
574,white,maroon,bluenose,std_lord_orange,none,pinknut,standard,none
575,blue,alien,standard,std_lord_pink,redshirt,oldnut,hands_grey,silver
576,blue,alien,bluenose,std_lord_pink,yellowshirt,pinknut,hands_red,none
577,blue,redears,graynose,none,pinkdots,oldnut,hands_turqoise,pink
578,white,redears,standard,std_lord,none,nut,hands_turqoise,none
579,white,maroon,graynose,std_lord_blue,redshirt,pinknut,standard,none
580,white,greybody,standard,std_lord_pink,none,pinknut,standard,none
581,white,alien,graynose,std_lord_blue,pinkdots,oldnut,standard,none
582,white,bluebody,graynose,std_lord_green,redshirt,nut,standard,none
583,blue,redears,standard,std_lord_pink,orange,oldnut,standard,none
584,blue,maroon,standard,std_lord_green,yellowshirt,nut,hands_red,none
585,white,maroon,bluenose,std_lord_pink,yellowshirt,pinknut,hands_turqoise,none
586,blue,redears,bluenose,std_lord_pink,pinkdots,pinknut,hands_turqoise,pink
587,blue,maroon,standard,std_lord_green,none,pinknut,hands_turqoise,pink
588,white,greybody,bluenose,std_lord,yellowshirt,oldnut,hands_turqoise,pink
589,white,bluebody,bluenose,none,yellowshirt,nut,standard,pink
590,blue,bluebody,graynose,none,pinkdots,nut,hands_turqoise,gold
591,white,redears,standard,none,none,oldnut,standard,none
592,blue,bluebody,bluenose,std_lord,none,nut,hands_yellow,pink
593,blue,maroon,standard,none,pinkdots,nut,standard,pink
594,blue,bluebody,standard,std_lord,none,oldnut,hands_grey,none
595,white,maroon,bluenose,std_lord_orange,none,nut,hands_grey,none
596,blue,bluebody,graynose,none,orange,nut,hands_grey,silver
597,blue,alien,graynose,none,pinkdots,oldnut,hands_grey,pink
598,white,greybody,standard,std_lord_pink,redshirt,nut,hands_red,none
599,blue,maroon,standard,std_lord_pink,orange,pinknut,hands_yellow,none
600,blue,redears,standard,none,orange,pinknut,hands_grey,none
601,white,alien,graynose,std_lord_pink,blue_dot,pinknut,standard,gold
602,white,greybody,bluenose,std_lord_pink,pinkdots,nut,hands_red,silver
603,white,greybody,bluenose,std_lord_blue,yellowshirt,oldnut,hands_turqoise,none
604,blue,greybody,standard,std_lord_pink,pinkdots,oldnut,standard,none
605,blue,maroon,standard,std_lord_pink,yellowshirt,nut,hands_grey,pink
606,white,bluebody,standard,none,blue_dot,oldnut,hands_turqoise,none
607,white,greybody,standard,std_lord_blue,redshirt,nut,hands_yellow,pink
608,white,bluebody,bluenose,std_lord,pinkdots,nut,hands_red,none
609,white,redears,standard,std_lord,none,nut,hands_yellow,none
610,white,maroon,bluenose,std_lord,blue_dot,pinknut,hands_grey,pink
611,white,redears,graynose,none,yellowshirt,oldnut,hands_grey,silver
612,white,redears,standard,std_lord_pink,none,oldnut,hands_yellow,pink
613,blue,alien,bluenose,std_lord_green,orange,pinknut,hands_red,none
614,blue,redears,graynose,none,pinkdots,pinknut,hands_yellow,pink
615,white,bluebody,graynose,std_lord_pink,blue_dot,pinknut,hands_red,none
616,blue,redears,graynose,std_lord_pink,orange,nut,standard,silver
617,blue,redears,bluenose,std_lord_orange,pinkdots,oldnut,hands_grey,pink
618,white,greybody,graynose,std_lord,orange,nut,hands_turqoise,silver
619,white,maroon,standard,std_lord_orange,none,pinknut,hands_red,silver
620,blue,redears,graynose,none,yellowshirt,nut,standard,none
621,white,alien,graynose,std_lord,yellowshirt,nut,standard,none
622,white,bluebody,bluenose,std_lord_orange,yellowshirt,nut,standard,pink
623,white,maroon,bluenose,std_lord_blue,blue_dot,oldnut,hands_grey,pink
624,white,alien,graynose,std_lord,redshirt,nut,standard,none
625,white,bluebody,bluenose,std_lord_orange,pinkdots,pinknut,hands_turqoise,pink
626,blue,maroon,bluenose,std_lord_orange,redshirt,nut,hands_grey,none
627,white,bluebody,standard,std_lord_orange,orange,oldnut,standard,none
628,blue,redears,bluenose,std_lord_blue,blue_dot,oldnut,standard,pink
629,blue,bluebody,bluenose,std_lord_orange,yellowshirt,oldnut,hands_turqoise,silver
630,white,alien,standard,none,redshirt,oldnut,standard,none
631,white,alien,bluenose,std_lord_orange,pinkdots,oldnut,standard,silver
632,white,bluebody,standard,std_lord_orange,blue_dot,oldnut,hands_red,pink
633,white,redears,graynose,std_lord,yellowshirt,pinknut,standard,silver
634,blue,redears,graynose,std_lord_pink,none,oldnut,standard,none
635,white,alien,bluenose,none,redshirt,nut,hands_grey,none
636,white,maroon,standard,none,blue_dot,nut,hands_yellow,pink
637,blue,maroon,graynose,none,blue_dot,nut,standard,pink
638,white,maroon,standard,none,redshirt,pinknut,hands_yellow,pink
639,blue,bluebody,bluenose,std_lord_orange,none,pinknut,standard,none
640,blue,greybody,bluenose,std_lord_orange,redshirt,pinknut,hands_red,none
641,white,redears,graynose,none,pinkdots,oldnut,hands_turqoise,pink
642,white,redears,graynose,std_lord_pink,pinkdots,nut,hands_red,pink
643,blue,bluebody,standard,std_lord_orange,blue_dot,pinknut,hands_grey,none
644,white,maroon,bluenose,std_lord,yellowshirt,oldnut,hands_red,none
645,white,maroon,standard,std_lord_orange,none,pinknut,hands_grey,pink
646,blue,bluebody,standard,std_lord_orange,redshirt,oldnut,hands_turqoise,pink
647,white,maroon,standard,std_lord_green,blue_dot,nut,standard,none
648,white,maroon,bluenose,std_lord_pink,pinkdots,pinknut,hands_red,none
649,white,maroon,graynose,none,pinkdots,nut,hands_grey,none
650,blue,bluebody,standard,std_lord_green,none,pinknut,hands_grey,none
651,white,alien,standard,std_lord_orange,yellowshirt,pinknut,hands_turqoise,pink
652,blue,maroon,graynose,std_lord_orange,orange,oldnut,hands_yellow,none
653,white,maroon,graynose,std_lord_orange,orange,pinknut,hands_grey,silver
654,blue,greybody,standard,std_lord_blue,redshirt,nut,standard,none
655,blue,redears,graynose,std_lord_blue,redshirt,nut,hands_red,none
656,blue,bluebody,graynose,std_lord_pink,yellowshirt,nut,hands_grey,none
657,white,greybody,graynose,none,yellowshirt,pinknut,hands_grey,none
658,white,bluebody,bluenose,std_lord_orange,blue_dot,nut,hands_red,none
659,blue,redears,standard,none,none,oldnut,hands_grey,silver
660,white,bluebody,standard,std_lord_pink,orange,nut,standard,pink
661,white,bluebody,bluenose,none,redshirt,nut,standard,none
662,blue,redears,standard,std_lord,pinkdots,nut,hands_yellow,pink
663,blue,alien,standard,none,yellowshirt,oldnut,hands_red,pink
664,blue,greybody,bluenose,std_lord_pink,none,pinknut,hands_turqoise,pink
665,white,greybody,standard,std_lord_orange,pinkdots,nut,hands_yellow,none
666,blue,bluebody,standard,std_lord,redshirt,pinknut,hands_yellow,silver
667,white,alien,bluenose,none,pinkdots,nut,hands_red,pink
668,white,alien,standard,std_lord_pink,orange,nut,hands_grey,none
669,white,greybody,standard,std_lord,pinkdots,pinknut,hands_yellow,none
670,blue,maroon,bluenose,std_lord,redshirt,pinknut,hands_turqoise,none
671,blue,redears,bluenose,std_lord_orange,blue_dot,nut,hands_yellow,pink
672,white,greybody,graynose,std_lord_blue,blue_dot,oldnut,hands_turqoise,none
673,blue,alien,standard,std_lord_orange,blue_dot,nut,hands_yellow,pink
674,blue,redears,bluenose,std_lord,yellowshirt,nut,hands_turqoise,none
675,white,redears,bluenose,std_lord_orange,orange,nut,hands_grey,pink
676,blue,redears,bluenose,std_lord_orange,yellowshirt,nut,hands_yellow,pink
677,white,bluebody,graynose,std_lord,orange,nut,hands_grey,none
678,white,redears,standard,std_lord_pink,pinkdots,nut,hands_yellow,pink
679,blue,alien,graynose,std_lord_blue,redshirt,nut,hands_turqoise,pink
680,white,greybody,standard,std_lord_orange,orange,nut,standard,silver
681,white,bluebody,bluenose,std_lord_blue,redshirt,oldnut,hands_yellow,pink
682,blue,bluebody,graynose,std_lord,blue_dot,oldnut,hands_grey,pink
683,white,redears,bluenose,std_lord_pink,yellowshirt,nut,hands_red,none
684,blue,redears,standard,none,redshirt,pinknut,hands_grey,none
685,blue,alien,graynose,std_lord_blue,yellowshirt,oldnut,hands_yellow,none
686,white,maroon,standard,std_lord,redshirt,oldnut,hands_turqoise,none
687,white,maroon,bluenose,std_lord_pink,redshirt,oldnut,hands_grey,pink
688,white,greybody,graynose,std_lord_orange,redshirt,oldnut,hands_red,none
689,blue,alien,graynose,none,none,nut,hands_yellow,pink
690,white,maroon,bluenose,std_lord,none,pinknut,hands_yellow,none
691,white,maroon,bluenose,none,yellowshirt,oldnut,hands_yellow,pink
692,white,bluebody,bluenose,std_lord_pink,yellowshirt,nut,hands_grey,none
693,white,maroon,standard,std_lord,yellowshirt,nut,hands_yellow,none
694,white,redears,bluenose,std_lord,orange,oldnut,hands_red,none
695,blue,bluebody,graynose,std_lord_green,pinkdots,nut,hands_grey,none
696,white,bluebody,standard,std_lord,orange,oldnut,standard,none
697,white,redears,bluenose,std_lord_orange,none,oldnut,standard,pink
698,white,bluebody,standard,std_lord_pink,yellowshirt,nut,hands_red,pink
699,white,alien,graynose,std_lord_green,orange,nut,hands_yellow,pink
700,blue,greybody,bluenose,std_lord_blue,blue_dot,oldnut,hands_yellow,none
701,white,maroon,graynose,std_lord,yellowshirt,oldnut,standard,pink
702,blue,alien,standard,none,yellowshirt,nut,standard,pink
703,blue,redears,graynose,std_lord_green,pinkdots,nut,hands_red,none
704,white,bluebody,bluenose,std_lord_pink,none,oldnut,hands_turqoise,none
705,white,alien,bluenose,std_lord_blue,orange,pinknut,hands_grey,gold
706,white,redears,graynose,std_lord_blue,yellowshirt,oldnut,hands_red,none
707,blue,bluebody,graynose,std_lord_orange,orange,oldnut,hands_red,none
708,white,alien,bluenose,std_lord_orange,redshirt,pinknut,hands_yellow,pink
709,white,alien,bluenose,std_lord,redshirt,oldnut,hands_turqoise,pink
710,white,greybody,graynose,std_lord_green,pinkdots,oldnut,hands_red,none
711,blue,alien,graynose,std_lord_pink,orange,oldnut,hands_red,none
712,white,maroon,graynose,none,blue_dot,oldnut,hands_red,silver
713,blue,greybody,bluenose,std_lord_blue,none,pinknut,hands_turqoise,pink
714,white,bluebody,graynose,none,pinkdots,nut,standard,pink
715,blue,alien,standard,std_lord_orange,pinkdots,oldnut,hands_yellow,pink
716,white,redears,graynose,std_lord_blue,none,pinknut,hands_grey,none
717,blue,greybody,bluenose,std_lord_blue,blue_dot,pinknut,hands_grey,pink
718,white,alien,standard,std_lord_orange,yellowshirt,pinknut,hands_grey,silver
719,white,bluebody,bluenose,std_lord_green,none,oldnut,hands_red,none
720,white,alien,graynose,std_lord_orange,redshirt,nut,hands_yellow,pink
721,blue,alien,bluenose,std_lord_orange,orange,oldnut,hands_yellow,none
722,blue,alien,bluenose,std_lord_pink,none,nut,standard,pink
723,white,maroon,bluenose,none,orange,pinknut,hands_turqoise,none
724,blue,greybody,bluenose,std_lord_orange,yellowshirt,nut,hands_grey,pink
725,blue,redears,standard,std_lord_blue,yellowshirt,oldnut,hands_yellow,none
726,white,greybody,graynose,std_lord_green,yellowshirt,pinknut,hands_turqoise,none
727,blue,redears,bluenose,std_lord_pink,pinkdots,pinknut,hands_yellow,none
728,white,redears,bluenose,std_lord,yellowshirt,nut,hands_grey,pink
729,white,greybody,graynose,std_lord_blue,blue_dot,pinknut,hands_turqoise,pink
730,blue,greybody,graynose,std_lord_pink,yellowshirt,oldnut,hands_red,pink
731,white,maroon,standard,none,redshirt,oldnut,hands_grey,none
732,white,greybody,standard,std_lord_orange,blue_dot,nut,hands_turqoise,pink
733,blue,redears,bluenose,none,blue_dot,pinknut,hands_turqoise,pink
734,blue,maroon,standard,std_lord_blue,blue_dot,nut,hands_yellow,pink
735,white,maroon,standard,std_lord_green,redshirt,oldnut,hands_yellow,none
736,blue,redears,bluenose,none,none,oldnut,standard,none
737,blue,maroon,bluenose,std_lord_pink,none,nut,hands_grey,pink
738,white,alien,graynose,std_lord_green,yellowshirt,oldnut,standard,silver
739,blue,maroon,standard,std_lord,none,pinknut,hands_turqoise,pink
740,blue,bluebody,standard,std_lord,pinkdots,oldnut,hands_red,none
741,white,bluebody,bluenose,std_lord_blue,pinkdots,nut,hands_yellow,none
742,blue,alien,graynose,std_lord_pink,pinkdots,nut,hands_red,none
743,white,bluebody,graynose,std_lord_green,yellowshirt,oldnut,hands_turqoise,none
744,white,greybody,bluenose,std_lord_blue,pinkdots,nut,hands_red,none
745,blue,maroon,graynose,std_lord_pink,redshirt,pinknut,hands_red,pink
746,blue,redears,graynose,std_lord_blue,orange,pinknut,standard,pink
747,white,redears,bluenose,std_lord,blue_dot,nut,hands_red,pink
748,blue,alien,bluenose,std_lord_pink,none,oldnut,hands_grey,pink
749,blue,redears,graynose,none,pinkdots,nut,hands_grey,none
750,white,alien,bluenose,std_lord_pink,none,nut,hands_turqoise,pink
751,white,greybody,graynose,none,pinkdots,nut,hands_turqoise,pink
752,blue,greybody,standard,std_lord_blue,orange,pinknut,standard,silver
753,blue,greybody,graynose,std_lord_blue,blue_dot,nut,hands_turqoise,pink
754,blue,redears,graynose,std_lord_green,orange,oldnut,hands_grey,none
755,blue,bluebody,graynose,std_lord_pink,none,nut,standard,none
756,white,alien,graynose,std_lord_orange,pinkdots,nut,hands_grey,none
757,blue,maroon,graynose,std_lord_blue,yellowshirt,nut,hands_turqoise,pink
758,white,maroon,graynose,std_lord_blue,none,oldnut,hands_yellow,pink
759,blue,bluebody,graynose,std_lord_green,orange,oldnut,hands_red,silver
760,blue,maroon,graynose,std_lord_green,orange,nut,hands_turqoise,none
761,white,maroon,bluenose,std_lord_orange,redshirt,oldnut,hands_grey,pink
762,blue,bluebody,graynose,std_lord_pink,redshirt,nut,hands_red,silver
763,white,bluebody,standard,std_lord_blue,none,pinknut,hands_yellow,none
764,blue,greybody,bluenose,std_lord,blue_dot,oldnut,hands_grey,none
765,blue,greybody,bluenose,std_lord,orange,nut,hands_turqoise,pink
766,white,maroon,graynose,std_lord,yellowshirt,oldnut,hands_yellow,pink
767,blue,redears,standard,std_lord_green,none,nut,hands_red,none
768,white,bluebody,bluenose,std_lord_orange,yellowshirt,nut,hands_yellow,silver
769,white,alien,graynose,none,none,pinknut,hands_red,silver
770,blue,maroon,bluenose,none,redshirt,oldnut,hands_grey,pink
771,blue,greybody,standard,std_lord_orange,pinkdots,nut,hands_grey,pink
772,white,greybody,bluenose,none,none,nut,hands_grey,silver
773,white,bluebody,bluenose,std_lord_orange,yellowshirt,nut,hands_turqoise,pink
774,white,greybody,graynose,std_lord_pink,yellowshirt,oldnut,hands_grey,pink
775,blue,bluebody,graynose,none,none,nut,hands_yellow,silver
776,white,greybody,bluenose,std_lord_pink,none,pinknut,standard,none
777,blue,bluebody,standard,std_lord,pinkdots,nut,hands_grey,pink
778,white,greybody,standard,std_lord_green,yellowshirt,nut,standard,pink
779,blue,alien,graynose,std_lord_orange,orange,pinknut,hands_yellow,silver
780,blue,alien,bluenose,std_lord_orange,yellowshirt,nut,hands_red,none
781,white,redears,standard,std_lord,none,oldnut,hands_grey,pink
782,blue,redears,standard,std_lord_orange,blue_dot,pinknut,hands_yellow,none
783,white,greybody,standard,std_lord_orange,none,oldnut,hands_yellow,none
784,blue,maroon,graynose,none,orange,oldnut,hands_red,pink
785,blue,greybody,graynose,std_lord,pinkdots,nut,hands_red,silver
786,blue,maroon,standard,none,pinkdots,pinknut,hands_grey,pink
787,white,redears,graynose,std_lord_green,yellowshirt,oldnut,hands_red,pink
788,white,alien,bluenose,std_lord,none,oldnut,hands_red,pink
789,white,greybody,standard,std_lord_green,yellowshirt,nut,hands_yellow,none
790,white,alien,graynose,none,blue_dot,oldnut,standard,none
791,white,redears,standard,none,orange,nut,hands_grey,pink
792,blue,maroon,bluenose,std_lord_orange,none,pinknut,standard,pink
793,blue,maroon,bluenose,std_lord,blue_dot,pinknut,hands_grey,none
794,white,alien,bluenose,std_lord_pink,redshirt,oldnut,hands_turqoise,pink
795,white,alien,standard,std_lord_pink,redshirt,oldnut,hands_red,none
796,white,greybody,graynose,std_lord_green,orange,nut,standard,none
797,white,bluebody,graynose,std_lord_blue,orange,nut,hands_turqoise,pink
798,blue,greybody,graynose,std_lord_blue,yellowshirt,nut,hands_turqoise,silver
799,white,alien,graynose,std_lord,blue_dot,nut,hands_turqoise,none
800,white,greybody,bluenose,std_lord_blue,blue_dot,oldnut,hands_turqoise,none
801,blue,maroon,graynose,std_lord_green,orange,pinknut,hands_red,none
802,blue,maroon,graynose,std_lord_orange,blue_dot,pinknut,hands_turqoise,none
803,white,redears,graynose,std_lord_blue,none,nut,standard,none
804,white,bluebody,bluenose,std_lord_blue,pinkdots,pinknut,standard,none
805,white,maroon,graynose,std_lord_pink,redshirt,nut,standard,none
806,white,alien,bluenose,none,orange,nut,hands_turqoise,none
807,white,greybody,graynose,std_lord,yellowshirt,pinknut,hands_yellow,pink
808,blue,greybody,bluenose,std_lord_green,orange,oldnut,hands_yellow,none
809,blue,maroon,standard,none,yellowshirt,pinknut,hands_turqoise,none
810,white,greybody,standard,std_lord_blue,none,pinknut,hands_turqoise,none
811,white,bluebody,graynose,std_lord_pink,none,oldnut,standard,pink
812,white,maroon,standard,std_lord_orange,yellowshirt,nut,hands_turqoise,pink
813,white,maroon,bluenose,none,redshirt,nut,hands_red,none
814,white,bluebody,graynose,std_lord,blue_dot,pinknut,hands_yellow,gold
815,white,bluebody,bluenose,std_lord_blue,none,pinknut,hands_red,none
816,white,bluebody,graynose,none,pinkdots,oldnut,standard,pink
817,white,maroon,graynose,std_lord_orange,blue_dot,nut,hands_red,pink
818,blue,redears,standard,std_lord_green,pinkdots,pinknut,hands_yellow,pink
819,blue,bluebody,bluenose,none,none,oldnut,hands_yellow,gold
820,blue,greybody,graynose,std_lord_pink,yellowshirt,nut,hands_turqoise,pink
821,white,redears,bluenose,std_lord_blue,orange,nut,hands_grey,none
822,blue,greybody,bluenose,none,none,nut,hands_yellow,none
823,blue,bluebody,standard,none,pinkdots,oldnut,hands_red,none
824,blue,maroon,graynose,std_lord_orange,redshirt,nut,hands_red,none
825,white,alien,bluenose,std_lord_pink,orange,nut,hands_turqoise,pink
826,white,redears,bluenose,std_lord_blue,yellowshirt,oldnut,hands_turqoise,none
827,white,alien,bluenose,std_lord_pink,yellowshirt,oldnut,hands_red,none
828,blue,greybody,bluenose,std_lord_blue,orange,oldnut,hands_turqoise,none
829,blue,alien,graynose,std_lord_orange,none,oldnut,hands_red,pink
830,white,alien,bluenose,std_lord,pinkdots,nut,hands_grey,none
831,blue,redears,standard,std_lord,orange,nut,hands_red,silver
832,blue,maroon,bluenose,std_lord_blue,blue_dot,oldnut,hands_grey,none
833,white,alien,bluenose,none,none,pinknut,hands_turqoise,none
834,white,bluebody,standard,std_lord,blue_dot,nut,hands_red,pink
835,white,greybody,standard,std_lord_orange,yellowshirt,pinknut,hands_turqoise,none
836,blue,maroon,bluenose,none,orange,oldnut,hands_red,pink
837,blue,redears,standard,std_lord_green,orange,oldnut,standard,none
838,blue,redears,standard,std_lord,none,nut,standard,none
839,white,redears,graynose,std_lord,redshirt,nut,hands_red,silver
840,white,maroon,graynose,std_lord_orange,blue_dot,oldnut,standard,pink
841,blue,greybody,graynose,std_lord_green,blue_dot,pinknut,standard,pink
842,white,maroon,graynose,std_lord_green,blue_dot,nut,hands_turqoise,none
843,white,greybody,standard,std_lord_pink,orange,pinknut,hands_yellow,none
844,white,alien,graynose,std_lord_pink,pinkdots,nut,hands_yellow,pink
845,white,maroon,standard,std_lord,orange,nut,standard,none
846,blue,greybody,graynose,std_lord_green,blue_dot,oldnut,standard,none
847,white,alien,bluenose,std_lord_blue,pinkdots,oldnut,standard,pink
848,white,greybody,standard,std_lord_green,blue_dot,nut,standard,none
849,blue,alien,standard,none,redshirt,pinknut,hands_grey,pink
850,blue,bluebody,standard,none,redshirt,nut,hands_turqoise,none
851,white,bluebody,bluenose,std_lord_pink,blue_dot,oldnut,hands_turqoise,none
852,blue,maroon,bluenose,none,orange,nut,hands_yellow,none
853,blue,maroon,graynose,std_lord_pink,orange,oldnut,hands_turqoise,none
854,blue,greybody,graynose,std_lord_orange,pinkdots,nut,hands_red,none
855,white,maroon,standard,std_lord_orange,none,oldnut,hands_turqoise,none
856,blue,alien,standard,std_lord_pink,blue_dot,pinknut,hands_yellow,none
857,white,redears,graynose,std_lord_green,blue_dot,nut,standard,none
858,blue,alien,bluenose,std_lord_green,pinkdots,oldnut,hands_turqoise,none
859,white,maroon,bluenose,std_lord_orange,orange,nut,hands_red,silver
860,white,maroon,standard,std_lord_blue,yellowshirt,pinknut,hands_grey,pink
861,blue,maroon,bluenose,std_lord_blue,blue_dot,nut,hands_grey,none
862,blue,bluebody,standard,std_lord_orange,orange,nut,hands_yellow,none
863,white,greybody,graynose,none,yellowshirt,oldnut,hands_grey,pink
864,blue,greybody,standard,none,redshirt,pinknut,hands_yellow,gold
865,white,bluebody,graynose,std_lord_orange,redshirt,oldnut,hands_yellow,pink
866,white,greybody,bluenose,std_lord,yellowshirt,nut,hands_red,none
867,blue,maroon,graynose,std_lord,orange,oldnut,hands_yellow,none
868,blue,alien,graynose,std_lord_orange,pinkdots,pinknut,standard,none
869,white,redears,bluenose,std_lord_orange,orange,nut,hands_yellow,pink
870,blue,alien,graynose,none,redshirt,oldnut,hands_grey,none
871,blue,alien,standard,std_lord_pink,blue_dot,oldnut,standard,silver
872,white,maroon,bluenose,std_lord_green,orange,nut,hands_turqoise,silver
873,blue,alien,graynose,std_lord_orange,redshirt,nut,standard,pink
874,blue,bluebody,graynose,none,blue_dot,oldnut,hands_grey,silver
875,white,greybody,bluenose,std_lord_pink,blue_dot,nut,standard,none
876,blue,greybody,bluenose,none,pinkdots,nut,standard,pink
877,blue,bluebody,bluenose,none,yellowshirt,pinknut,standard,pink
878,white,greybody,graynose,none,redshirt,oldnut,hands_turqoise,pink
879,blue,bluebody,standard,none,yellowshirt,oldnut,hands_grey,pink
880,white,maroon,bluenose,std_lord,orange,nut,hands_grey,pink
881,white,alien,bluenose,std_lord_blue,blue_dot,pinknut,hands_yellow,none
882,blue,alien,bluenose,std_lord_pink,orange,oldnut,hands_turqoise,none
883,white,greybody,standard,std_lord_pink,yellowshirt,oldnut,hands_grey,none
884,blue,alien,graynose,std_lord_green,pinkdots,nut,standard,pink
885,blue,redears,bluenose,none,orange,oldnut,hands_yellow,pink
886,white,redears,standard,std_lord_pink,redshirt,nut,hands_turqoise,none
887,blue,alien,standard,std_lord_blue,pinkdots,nut,hands_turqoise,none
888,blue,bluebody,bluenose,none,yellowshirt,oldnut,standard,none
889,white,bluebody,graynose,std_lord_pink,redshirt,nut,standard,none
890,blue,alien,graynose,std_lord_orange,redshirt,pinknut,hands_red,none
891,white,maroon,graynose,std_lord,none,nut,hands_red,none
892,white,greybody,bluenose,std_lord,pinkdots,pinknut,hands_turqoise,pink
893,white,alien,standard,std_lord_orange,blue_dot,oldnut,hands_turqoise,none
894,blue,alien,bluenose,std_lord_orange,none,pinknut,standard,none
895,white,bluebody,bluenose,std_lord_green,blue_dot,nut,standard,pink
896,white,maroon,graynose,std_lord_pink,orange,pinknut,standard,none
897,blue,bluebody,bluenose,none,orange,pinknut,hands_red,none
898,white,bluebody,bluenose,std_lord_pink,yellowshirt,pinknut,hands_grey,pink
899,blue,maroon,graynose,none,blue_dot,oldnut,hands_yellow,none
900,blue,redears,bluenose,std_lord,none,pinknut,hands_red,pink
901,white,alien,standard,std_lord_green,pinkdots,oldnut,hands_red,pink
902,blue,maroon,standard,std_lord_orange,blue_dot,nut,hands_grey,silver
903,blue,maroon,bluenose,std_lord_green,yellowshirt,oldnut,standard,silver
904,white,alien,standard,std_lord_orange,blue_dot,nut,hands_turqoise,none
905,blue,greybody,bluenose,std_lord_orange,blue_dot,nut,hands_yellow,silver
906,white,greybody,graynose,std_lord_orange,orange,oldnut,hands_turqoise,none
907,white,greybody,bluenose,std_lord,yellowshirt,pinknut,standard,none
908,blue,greybody,bluenose,std_lord,orange,pinknut,hands_turqoise,none
909,white,redears,bluenose,none,orange,nut,hands_yellow,none
910,blue,greybody,standard,std_lord,none,nut,hands_yellow,pink
911,blue,redears,standard,std_lord_pink,pinkdots,nut,hands_grey,pink
912,blue,greybody,graynose,std_lord_orange,blue_dot,oldnut,hands_grey,none
913,blue,greybody,bluenose,std_lord_blue,redshirt,pinknut,hands_turqoise,none
914,white,alien,standard,none,blue_dot,nut,standard,none
915,blue,bluebody,bluenose,std_lord_green,orange,oldnut,standard,pink
916,blue,greybody,bluenose,std_lord_blue,orange,pinknut,hands_yellow,pink
917,white,bluebody,standard,std_lord,blue_dot,pinknut,hands_grey,gold
918,blue,maroon,standard,none,orange,nut,hands_grey,pink
919,white,maroon,bluenose,none,none,pinknut,hands_turqoise,pink
920,blue,bluebody,graynose,std_lord_orange,none,oldnut,hands_turqoise,pink
921,blue,bluebody,graynose,std_lord_orange,none,pinknut,hands_yellow,none
922,blue,alien,standard,std_lord_orange,none,pinknut,hands_grey,none
923,white,redears,standard,none,none,nut,hands_grey,pink
924,white,redears,bluenose,none,blue_dot,nut,hands_red,pink
925,white,bluebody,bluenose,std_lord_blue,redshirt,pinknut,hands_yellow,none
926,blue,bluebody,graynose,std_lord_orange,yellowshirt,pinknut,hands_red,pink
927,white,redears,standard,std_lord_pink,redshirt,oldnut,hands_turqoise,none
928,blue,maroon,graynose,std_lord,yellowshirt,pinknut,hands_turqoise,none
929,blue,bluebody,standard,std_lord_green,pinkdots,pinknut,standard,none
930,white,bluebody,graynose,std_lord_pink,pinkdots,nut,standard,none
931,blue,alien,graynose,std_lord,none,pinknut,hands_red,none
932,blue,maroon,graynose,std_lord_blue,blue_dot,pinknut,hands_turqoise,none
933,blue,greybody,graynose,std_lord_pink,redshirt,pinknut,hands_red,pink
934,blue,redears,standard,std_lord_pink,redshirt,pinknut,hands_turqoise,none
935,white,alien,standard,none,redshirt,oldnut,hands_red,pink
936,blue,redears,bluenose,std_lord_pink,none,oldnut,hands_red,none
937,white,alien,bluenose,std_lord,pinkdots,pinknut,hands_turqoise,none
938,blue,redears,graynose,none,yellowshirt,oldnut,hands_grey,none
939,blue,alien,bluenose,std_lord_green,blue_dot,nut,standard,none
940,blue,alien,standard,std_lord_green,pinkdots,oldnut,standard,pink
941,blue,maroon,standard,std_lord,none,nut,hands_grey,none
942,blue,bluebody,graynose,std_lord_green,blue_dot,nut,hands_turqoise,none
943,blue,greybody,bluenose,std_lord_pink,pinkdots,nut,hands_red,silver
944,white,bluebody,standard,std_lord_pink,none,oldnut,hands_grey,none
945,blue,maroon,graynose,none,yellowshirt,oldnut,standard,none
946,blue,redears,standard,std_lord_pink,pinkdots,nut,hands_turqoise,none
947,white,bluebody,standard,std_lord,blue_dot,pinknut,hands_grey,none
948,white,bluebody,bluenose,std_lord_green,blue_dot,pinknut,hands_turqoise,pink
949,blue,bluebody,bluenose,std_lord_orange,orange,pinknut,standard,pink
950,white,redears,graynose,std_lord_orange,pinkdots,pinknut,hands_yellow,pink
951,white,bluebody,graynose,std_lord_orange,blue_dot,oldnut,standard,none
952,white,maroon,graynose,std_lord_blue,yellowshirt,oldnut,standard,pink
953,blue,bluebody,graynose,std_lord_blue,yellowshirt,oldnut,standard,none
954,blue,maroon,standard,none,none,nut,hands_turqoise,none
955,blue,maroon,standard,std_lord,redshirt,pinknut,hands_yellow,none
956,white,greybody,graynose,std_lord_green,blue_dot,oldnut,hands_turqoise,none
957,blue,maroon,standard,none,pinkdots,pinknut,hands_red,pink
958,white,redears,bluenose,std_lord_blue,redshirt,pinknut,hands_yellow,pink
959,blue,redears,standard,std_lord_pink,yellowshirt,pinknut,standard,none
960,blue,redears,standard,std_lord_pink,blue_dot,nut,hands_grey,none
961,blue,maroon,bluenose,std_lord_blue,blue_dot,nut,standard,none
962,blue,redears,standard,std_lord_green,yellowshirt,pinknut,hands_yellow,none
963,white,redears,graynose,std_lord_pink,redshirt,pinknut,standard,none
964,blue,alien,bluenose,std_lord_green,blue_dot,pinknut,standard,none
965,blue,alien,graynose,std_lord_blue,redshirt,oldnut,hands_red,pink
966,white,alien,graynose,std_lord_green,yellowshirt,oldnut,hands_red,pink
967,white,greybody,graynose,none,none,nut,hands_turqoise,none
968,blue,greybody,bluenose,std_lord_orange,redshirt,pinknut,hands_grey,none
969,blue,alien,bluenose,std_lord_green,redshirt,pinknut,hands_grey,none
970,blue,alien,graynose,std_lord_blue,none,nut,hands_red,silver
971,white,alien,graynose,std_lord_blue,orange,nut,standard,pink
972,blue,bluebody,bluenose,std_lord_orange,redshirt,oldnut,hands_grey,pink
973,white,alien,graynose,std_lord_pink,none,oldnut,hands_grey,none
974,blue,maroon,standard,std_lord,orange,nut,hands_yellow,none
975,blue,maroon,bluenose,none,pinkdots,oldnut,hands_turqoise,pink
976,white,bluebody,graynose,none,pinkdots,pinknut,hands_turqoise,pink
977,blue,alien,standard,std_lord_orange,pinkdots,pinknut,hands_yellow,none
978,blue,bluebody,bluenose,std_lord_orange,pinkdots,pinknut,hands_red,pink
979,white,bluebody,bluenose,none,yellowshirt,nut,hands_red,pink
980,blue,redears,bluenose,std_lord_orange,pinkdots,pinknut,hands_turqoise,silver
981,blue,bluebody,bluenose,std_lord_green,pinkdots,pinknut,hands_red,pink
982,white,redears,graynose,std_lord_pink,orange,pinknut,hands_yellow,none
983,white,greybody,graynose,std_lord_blue,yellowshirt,oldnut,hands_red,gold
984,white,redears,bluenose,none,redshirt,oldnut,hands_yellow,none
985,white,bluebody,graynose,std_lord_pink,redshirt,nut,hands_red,pink
986,white,redears,bluenose,none,pinkdots,oldnut,hands_turqoise,pink
987,white,alien,graynose,std_lord_orange,blue_dot,oldnut,hands_red,pink
988,white,redears,graynose,std_lord_blue,orange,pinknut,hands_turqoise,pink
989,blue,maroon,graynose,none,yellowshirt,nut,hands_grey,pink
990,blue,alien,bluenose,std_lord_blue,yellowshirt,pinknut,standard,pink
991,white,greybody,bluenose,std_lord_pink,none,pinknut,hands_turqoise,none
992,blue,alien,bluenose,none,redshirt,oldnut,hands_red,none
993,blue,bluebody,bluenose,std_lord_orange,redshirt,pinknut,hands_grey,none
994,blue,greybody,bluenose,none,yellowshirt,oldnut,hands_turqoise,none
995,blue,greybody,standard,std_lord_green,orange,oldnut,hands_yellow,silver
996,blue,maroon,graynose,std_lord_pink,redshirt,oldnut,standard,none
997,white,alien,standard,none,blue_dot,pinknut,hands_red,none
998,blue,alien,bluenose,std_lord,none,nut,standard,none
999,blue,maroon,graynose,std_lord_orange,blue_dot,oldnut,hands_turqoise,pink
1000,blue,alien,bluenose,std_lord_orange,orange,pinknut,hands_grey,pink
1001,blue,redears,bluenose,std_lord_green,yellowshirt,oldnut,hands_turqoise,none
1002,white,redears,standard,std_lord_green,none,oldnut,hands_turqoise,none
1003,blue,greybody,graynose,std_lord,blue_dot,pinknut,hands_yellow,pink
1004,white,greybody,graynose,std_lord,blue_dot,oldnut,hands_red,none
1005,blue,bluebody,standard,std_lord_pink,pinkdots,oldnut,hands_turqoise,silver
1006,white,alien,standard,none,blue_dot,pinknut,standard,none
1007,white,greybody,standard,none,pinkdots,pinknut,hands_turqoise,pink
1008,blue,redears,bluenose,std_lord_green,blue_dot,pinknut,hands_grey,none
1009,white,alien,bluenose,std_lord_pink,redshirt,pinknut,hands_red,pink
1010,white,maroon,bluenose,std_lord_pink,redshirt,oldnut,hands_red,silver
1011,blue,maroon,bluenose,std_lord_pink,yellowshirt,pinknut,hands_grey,none
1012,blue,redears,standard,std_lord_pink,redshirt,nut,hands_red,pink
1013,white,bluebody,bluenose,std_lord_green,pinkdots,nut,hands_red,pink
1014,blue,bluebody,bluenose,std_lord_pink,blue_dot,nut,hands_grey,none
1015,white,greybody,bluenose,std_lord_orange,yellowshirt,pinknut,hands_red,none
1016,blue,redears,standard,std_lord_green,blue_dot,pinknut,hands_red,pink
1017,blue,maroon,standard,std_lord_pink,none,oldnut,hands_yellow,none
1018,blue,alien,standard,std_lord_blue,redshirt,oldnut,standard,none
1019,blue,redears,bluenose,std_lord_green,redshirt,pinknut,hands_turqoise,pink
1020,white,bluebody,graynose,std_lord,pinkdots,pinknut,hands_turqoise,none
1021,blue,alien,graynose,std_lord_pink,orange,oldnut,standard,none
1022,blue,greybody,bluenose,std_lord,none,pinknut,hands_yellow,none
1023,blue,greybody,graynose,std_lord,orange,pinknut,standard,silver
1024,white,bluebody,bluenose,std_lord_green,orange,oldnut,standard,pink
1025,blue,bluebody,standard,std_lord_orange,none,oldnut,hands_turqoise,pink
1026,blue,bluebody,graynose,std_lord,yellowshirt,oldnut,hands_turqoise,none
1027,blue,bluebody,standard,std_lord_blue,none,oldnut,hands_grey,silver
1028,white,alien,graynose,none,yellowshirt,oldnut,hands_grey,pink
1029,blue,redears,standard,std_lord,yellowshirt,oldnut,hands_grey,silver
1030,white,maroon,bluenose,std_lord_green,redshirt,pinknut,hands_yellow,pink
1031,blue,redears,standard,none,blue_dot,pinknut,hands_grey,pink
1032,white,maroon,bluenose,none,yellowshirt,nut,hands_red,none
1033,white,greybody,bluenose,std_lord_orange,blue_dot,pinknut,hands_red,pink
1034,blue,greybody,graynose,none,yellowshirt,oldnut,standard,none
1035,blue,alien,graynose,none,blue_dot,oldnut,standard,none
1036,blue,alien,bluenose,std_lord,orange,pinknut,hands_yellow,pink
1037,blue,bluebody,standard,std_lord,yellowshirt,oldnut,hands_turqoise,none
1038,white,greybody,bluenose,std_lord_blue,none,pinknut,hands_grey,pink
1039,white,alien,standard,std_lord_pink,orange,oldnut,hands_grey,none
1040,white,bluebody,standard,std_lord_green,pinkdots,pinknut,hands_grey,none
1041,blue,maroon,bluenose,std_lord_orange,yellowshirt,oldnut,hands_red,none
1042,blue,maroon,graynose,std_lord_blue,orange,nut,hands_turqoise,pink
1043,white,redears,standard,std_lord_orange,blue_dot,pinknut,hands_red,silver
1044,white,redears,graynose,std_lord_orange,blue_dot,oldnut,standard,pink
1045,white,maroon,graynose,none,redshirt,nut,hands_red,none
1046,white,alien,standard,none,orange,oldnut,hands_yellow,none
1047,blue,redears,graynose,std_lord_pink,none,nut,standard,none
1048,blue,maroon,graynose,std_lord,pinkdots,nut,hands_grey,pink
1049,white,greybody,standard,std_lord_blue,none,pinknut,hands_yellow,none
1050,blue,redears,graynose,std_lord_blue,pinkdots,nut,hands_turqoise,none
1051,blue,greybody,standard,std_lord_pink,yellowshirt,oldnut,hands_red,none
1052,blue,redears,bluenose,none,pinkdots,oldnut,hands_grey,pink
1053,blue,greybody,standard,std_lord_green,none,pinknut,hands_red,none
1054,white,alien,standard,std_lord,blue_dot,nut,hands_turqoise,pink
1055,blue,maroon,bluenose,std_lord_blue,pinkdots,nut,hands_red,none
1056,white,maroon,bluenose,none,blue_dot,oldnut,hands_red,none
1057,blue,alien,graynose,std_lord_orange,pinkdots,nut,hands_yellow,pink
1058,white,greybody,standard,none,yellowshirt,pinknut,standard,none
1059,white,alien,graynose,std_lord_blue,yellowshirt,pinknut,hands_grey,none
1060,blue,redears,graynose,std_lord_blue,yellowshirt,nut,hands_grey,none
1061,white,maroon,standard,std_lord,none,pinknut,hands_grey,none
1062,white,greybody,standard,none,none,nut,standard,pink
1063,blue,redears,standard,std_lord_orange,pinkdots,oldnut,hands_turqoise,none
1064,blue,alien,graynose,std_lord_green,redshirt,oldnut,hands_turqoise,none
1065,blue,alien,standard,std_lord_blue,none,pinknut,hands_yellow,silver
1066,blue,alien,standard,std_lord_pink,redshirt,pinknut,standard,none
1067,blue,redears,graynose,none,redshirt,oldnut,hands_yellow,none
1068,white,maroon,standard,std_lord_green,pinkdots,nut,hands_turqoise,none
1069,blue,bluebody,standard,none,orange,oldnut,hands_turqoise,pink
1070,white,bluebody,standard,std_lord_orange,pinkdots,nut,hands_red,none
1071,white,greybody,bluenose,std_lord,redshirt,nut,hands_red,none
1072,blue,alien,standard,std_lord_blue,orange,oldnut,hands_turqoise,none
1073,white,maroon,graynose,none,redshirt,oldnut,hands_yellow,pink
1074,blue,alien,standard,std_lord,redshirt,oldnut,hands_yellow,silver
1075,white,bluebody,bluenose,std_lord_pink,yellowshirt,nut,hands_red,pink
1076,white,maroon,standard,none,orange,nut,hands_grey,none
1077,blue,alien,bluenose,std_lord,none,nut,hands_yellow,none
1078,blue,bluebody,graynose,std_lord,pinkdots,nut,hands_grey,pink
1079,white,greybody,standard,std_lord_pink,yellowshirt,pinknut,hands_turqoise,pink
1080,white,maroon,graynose,none,yellowshirt,pinknut,hands_grey,none
1081,white,maroon,standard,std_lord_pink,pinkdots,nut,hands_grey,none
1082,blue,bluebody,bluenose,std_lord_pink,redshirt,oldnut,standard,none
